{
  "project_info": {
    "project_number": "737674901796",
    "firebase_url": "https://khadok-e5984-default-rtdb.firebaseio.com",
    "project_id": "khadok-e5984",
    "storage_bucket": "khadok-e5984.appspot.com"
  },
  "client": [
    {
      "client_info": {
        "mobilesdk_app_id": "1:737674901796:android:548b0b5a1275a366d05bb1",
        "android_client_info": {
          "package_name": "com.example.khadok"
        }
      },
      "oauth_client": [
        {
          "client_id": "737674901796-uoh5fuskkglevnr39gpugdrl25bsaepe.apps.googleusercontent.com",
          "client_type": 3
        }
      ],
      "api_key": [
        {
          "current_key": "AIzaSyCIcJv4bE1dRtTCJa1GZfXikPlWu3A7cI8"
        }
      ],
      "services": {
        "appinvite_service": {
          "other_platform_oauth_client": [
            {
              "client_id": "737674901796-uoh5fuskkglevnr39gpugdrl25bsaepe.apps.googleusercontent.com",
              "client_type": 3
            }
          ]
        }
      }
    },
    {
      "client_info": {
        "mobilesdk_app_id": "1:737674901796:android:fb8adaacf93ea4fdd05bb1",
        "android_client_info": {
          "package_name": "com.example.khadokapp"
        }
      },
      "oauth_client": [
        {
          "client_id": "737674901796-uoh5fuskkglevnr39gpugdrl25bsaepe.apps.googleusercontent.com",
          "client_type": 3
        }
      ],
      "api_key": [
        {
          "current_key": "AIzaSyCIcJv4bE1dRtTCJa1GZfXikPlWu3A7cI8"
        }
      ],
      "services": {
        "appinvite_service": {
          "other_platform_oauth_client": [
            {
              "client_id": "737674901796-uoh5fuskkglevnr39gpugdrl25bsaepe.apps.googleusercontent.com",
              "client_type": 3
            }
          ]
        }
      }
    }
  ],
  "configuration_version": "1"
}